,hcpcs_code,average_medicare_allowed_amt,year
0,22600,726.8673892766666,2017
1,63045,1300.7215385,2017
2,67042,1308.4947335957145,2017
3,67108,1363.7443679866665,2017
4,67113,1229.9777803,2017
5,22600,822.9399999999999,2016
6,63045,1263.9411111,2016
7,67042,1352.205238093333,2016
8,67108,1373.094393859167,2016
9,67113,1605.8630028666666,2016
10,22600,1201.6724675,2015
11,63045,725.90545455,2015
12,67042,1239.879510426667,2015
13,67108,1618.7812515142857,2015
14,67113,1435.9410730700001,2015
