,hcpcs_code,average_medicare_allowed_amt,year
0,33418,1475.2990427333334,2017
1,47135,4318.6221958,2017
2,51999,3141.6585,2017
3,61867,2850.853,2017
4,67228,321.6889144416,2017
5,33418,1435.41073095,2016
6,47135,3940.7734770999996,2016
7,51999,3154.09,2016
8,61867,2695.403333333333,2016
9,67228,330.4544669351613,2016
10,33418,1672.0719230999998,2015
11,47135,3597.0416987333333,2015
12,51999,2446.2705128,2015
13,61867,2417.9341556333334,2015
14,67228,994.7723016864514,2015
