,hcpcs_code,average_medicare_allowed_amt,year
0,31599,1031.1155449,2017
1,50820,1374.4061773525,2017
2,51999,1806.8362644923527,2017
3,61592,1828.7452696,2017
4,67228,331.506729590984,2017
5,31599,370.4816538917857,2016
6,50820,1696.6697158999998,2016
7,51999,1771.6217823666666,2016
8,61592,1138.1202857,2016
9,67228,329.30553423280327,2016
10,31599,436.48398602000003,2015
11,50820,1286.294388076,2015
12,51999,1455.2939177807143,2015
13,61592,2104.8226431,2015
14,67228,959.3307220727155,2015
