,hcpcs_code,year,srvc_cnt_mil
0,71010,2017,16.407982
1,71020,2017,12.082669
2,99223,2017,10.338909
3,99231,2017,6.907843
4,99232,2017,45.186732
5,71010,2016,18.081072
6,71020,2016,13.469534
7,99223,2016,11.328227
8,99231,2016,8.245921
9,99232,2016,50.018533
10,71010,2015,18.36914
11,71020,2015,13.735138
12,99223,2015,11.434881
13,99231,2015,8.824792
14,99232,2015,50.381203
