,hcpcs_code,average_medicare_allowed_amt,year
0,43246,211.77676427933335,2017
1,43249,239.28135748580956,2017
2,43251,361.85502468499993,2017
3,43246,216.81261355266668,2016
4,43249,215.70161526285716,2016
5,43251,363.3702255625,2016
6,43246,214.09233407600004,2015
7,43249,198.03274704850003,2015
8,43251,300.3003350966667,2015
