,hcpcs_code,year,srvc_cnt_mil
0,85610,2017,10.702525
1,A0427,2017,5.018635
2,A0428,2017,3.916084
3,G0471,2017,3.634055
4,P9603,2017,3.565691
5,85610,2016,14.596628
6,A0427,2016,5.679607
7,A0428,2016,4.453641
8,G0471,2016,4.55911
9,P9603,2016,4.663791
10,85610,2015,16.572815
11,A0427,2015,5.662929
12,A0428,2015,4.780294
13,G0471,2015,4.549116
14,P9603,2015,4.835074
