,hcpcs_code,year,srvc_cnt_mil
0,80053,2017,28.82745
1,83036,2017,14.659924
2,85025,2017,29.676379
3,85610,2017,10.702525
4,G0008,2017,14.022139
5,80053,2016,32.972647
6,83036,2016,16.633001
7,85025,2016,34.225296
8,85610,2016,14.596628
9,G0008,2016,15.848625
10,80053,2015,32.248417
11,83036,2015,15.927256
12,85025,2015,33.923805
13,85610,2015,16.572815
14,G0008,2015,15.624311
