,hcpcs_code,year,srvc_cnt_mil
0,90670,2017,2.024985
1,99213,2017,96.476303
2,99214,2017,101.135852
3,G0009,2017,3.38164
4,G0439,2017,6.345749
5,90670,2016,3.778629
6,99213,2016,112.302118
7,99214,2016,112.213273
8,G0009,2016,4.844952
9,G0439,2016,6.047432
10,90670,2015,5.655305
11,99213,2015,112.372468
12,99214,2015,107.330867
13,G0009,2015,6.260595
14,G0439,2015,4.858574
