,hcpcs_code,average_medicare_allowed_amt,year
0,43242,252.30463541666666,2017
1,43244,233.88083889,2017
2,43251,361.85502468499993,2017
3,43270,212.928034185,2017
4,49440,202.54210526499998,2017
5,43242,250.7218177675,2016
6,43244,238.2425734,2016
7,43251,363.3702255625,2016
8,43270,316.7033823525,2016
9,49440,227.60419117666666,2016
10,43242,260.267565405,2015
11,43244,242.735778505,2015
12,43251,300.3003350966667,2015
13,43270,340.9278,2015
14,49440,210.52461538,2015
